{
  "version": 1,
  "author": "Anonymous maker",
  "editor": "wokwi",
  "parts": [
    { "type": "wokwi-esp32-devkit-v1", "id": "esp", "top": 21.34, "left": 0.66, "attrs": {} },
    {
      "type": "wokwi-led",
      "id": "led1",
      "top": 16.27,
      "left": -149.27,
      "attrs": { "color": "red" }
    },
    {
      "type": "wokwi-led",
      "id": "led3",
      "top": 55.87,
      "left": -99.53,
      "attrs": { "color": "red" }
    },
    {
      "type": "wokwi-led",
      "id": "led4",
      "top": 55.2,
      "left": -196.2,
      "attrs": { "color": "red" }
    },
    {
      "type": "wokwi-led",
      "id": "led2",
      "top": 101.73,
      "left": -148.2,
      "attrs": { "color": "red" }
    }
  ],
  "connections": [
    [ "esp:TX0", "$serialMonitor:RX", "", [] ],
    [ "esp:RX0", "$serialMonitor:TX", "", [] ],
    [ "led1:C", "esp:GND.2", "black", [ "h-7.56", "v109.27", "h147.49" ] ],
    [ "led4:C", "esp:GND.2", "black", [ "v0" ] ],
    [ "led3:C", "esp:GND.2", "black", [ "v0" ] ],
    [ "led2:C", "esp:GND.2", "black", [ "v0" ] ],
    [ "led1:A", "esp:D25", "green", [ "v0" ] ],
    [ "esp:D12", "led4:A", "green", [ "h0" ] ],
    [ "led3:A", "esp:D14", "green", [ "v0" ] ],
    [ "led2:A", "esp:D27", "green", [ "v3.14", "h128.86" ] ]
  ],
  "dependencies": {}
}